{
    "format_version": "1.10.0",
    "minecraft:client_entity": {
      "description": {
        "identifier": "douarmc_kb:killer_bunny",
        "materials": { "default": "rabbit" },
        "textures": {
            "default": "textures/entity/douarmc-killer_bunny.png"
        },
        "geometry": {
          "default": "geometry.rabbit"
        },
        "animations": {
          "move": "animation.rabbit.move",
          "look_at_target": "animation.common.look_at_target",
          "move_controller": "controller.animation.douarmc_kb:killer_bunny"
        },
        "render_controllers": [ "controller.render.douarmc_kb:killer_bunny" ],
        "scripts": {
          "animate": [
            "move_controller"
          ]
        }
      }
    }
  }
  