{
  "format_version": "1.20.40",
  "minecraft:entity": {
    "description": {
      "identifier": "douarmc_kb:killer_bunny",
      "is_spawnable": true,
      "is_summonable": true,
      "is_experimental": false
    },

    "component_groups": {},

    "components": {
      "minecraft:attack": {
				"damage": 8
			},
      "minecraft:behavior.hurt_by_target": {
        "priority": 1
      },
      "minecraft:behavior.nearest_attackable_target":{
        "priority": 2,
        "must_see": false,
        "reselect_targets": true,
        "within_radius": 25.0,
        "entity_types":[
          {
            "filters": {
              "test": "is_family", "subject": "other", "value": "player"
            },
            "max_dist": 32
          }
        ]
      },
      "minecraft:behavior.melee_attack": {
        "priority": 3
      },
      "minecraft:is_hidden_when_invisible": {
      },
      "minecraft:type_family": {
        "family": [ "rabbit", "lightweight", "mob", "monster" ]
      },
      "minecraft:breathable": {
        "total_supply": 15,
        "suffocate_time": 0
      },
      "minecraft:nameable": {
        "allow_name_tag_renaming": false,
        "always_show": true
      },
      "minecraft:health": {
        "value": 20,
        "max": 20
      },
      "minecraft:scale": {
        "value": 1
      },
      "minecraft:hurt_on_condition": {
        "damage_conditions": [
          {
            "filters": { "test": "in_lava", "subject": "self", "operator": "==", "value": true },
            "cause": "lava",
            "damage_per_tick": 4
          }
        ]
      },
      "minecraft:collision_box": {
        "width": 0.67,
        "height": 0.67
      },
      "minecraft:movement": {
        "value": 0.3
      },
      "minecraft:navigation.walk": {
        "can_path_over_water": true,
        "avoid_water": true
      },
      "minecraft:movement.skip": {
      },
      "minecraft:jump.dynamic": {
      },
      "minecraft:can_climb": {
      },
      "minecraft:behavior.float": {
        "priority": 0
      },
      "minecraft:behavior.look_at_player": {
        "priority": 11
      },
      "minecraft:physics": {
      },
      "minecraft:pushable": {
        "is_pushable": true,
        "is_pushable_by_piston": true
      },
      "minecraft:conditional_bandwidth_optimization": {
      },
      "minecraft:persistent":{}
    },

    "events": {

    }
  }
}