{
	"format_version" : "1.10.0",
	"animation_controllers" : {
		"controller.animation.douarmc_kb:killer_bunny" : {
			"initial_state" : "default",
			"states" : {
				"default" : {
          "transitions": [
            {
              "moving": "query.is_moving"
            }
          ]
				},
        "moving": {
          "animations" : [ "move", "look_at_target" ],
          "transitions": [
            {
              "default": "!query.is_moving"
            }
          ]
        }
			}
		}
	}
}